run,removed_count,retained_count,fit_max,fit_mean,heldout_max,heldout_mean,heldout_converged
greedy,0,297,0.0,0.0,0.0,0.0,True
greedy,1,296,0.0,0.0,0.0,0.0,True
greedy,2,295,0.0,0.0,0.0,0.0,True
greedy,3,294,0.0,0.0,0.0,0.0,True
greedy,4,293,0.0,0.0,0.0,0.0,True
greedy,5,292,0.0,0.0,0.0,0.0,True
greedy,6,291,0.0,0.0,0.0,0.0,True
greedy,7,290,0.0,0.0,0.0,0.0,True
greedy,8,289,0.0,0.0,0.0,0.0,True
greedy,9,288,0.0,0.0,0.0,0.0,True
greedy,10,287,0.0,0.0,0.0,0.0,True
greedy,11,286,0.0,0.0,0.0,0.0,True
greedy,12,285,0.0,0.0,0.0,0.0,True
greedy,13,284,0.0,0.0,0.0,0.0,True
greedy,14,283,0.0,0.0,0.0,0.0,True
greedy,15,282,0.0,0.0,0.0,0.0,True
greedy,16,281,0.0,0.0,0.0,0.0,True
greedy,17,280,0.0,0.0,0.0,0.0,True
greedy,18,279,0.0,0.0,0.0,0.0,True
greedy,19,278,0.0,0.0,0.0,0.0,True
greedy,20,277,0.0006607066605459842,0.0003960611943526239,0.0005401439744212426,0.00036298096085310465,True
greedy,21,276,0.0023077791371208076,0.001935992106153023,0.0019729687784054415,0.0016148929852217815,True
greedy,22,275,0.004073110479150723,0.0028070125333734563,0.003595495612390809,0.00245912144717202,True
greedy,23,274,0.005388421023596406,0.004522259094898346,0.005036094692426918,0.0038621806794523947,True
greedy,24,273,0.007594297215538172,0.006357246215380456,0.006570850668449214,0.005400114227635419,True
greedy,25,272,0.010295903991388893,0.008812601877922571,0.008829500925984867,0.007400627657467021,True
greedy,26,271,0.012949692015198447,0.010367812507597635,0.010700170383734482,0.008651369865812275,True
greedy,27,270,0.01492054810803553,0.01265699182723982,0.013842318729221948,0.01089670310057552,True
greedy,28,269,0.01600975322885348,0.013435336400509581,0.014776935872654433,0.012075092840895592,True
greedy,29,268,0.014916721912137521,0.013648576014233598,0.013957587433470834,0.011852173706989358,True
greedy,30,267,0.01709581048773516,0.015681468076870587,0.015891492643942923,0.013409340679930675,True
greedy,31,266,0.02064206145287532,0.018732762342983336,0.01969386306835172,0.01599154654552767,True
greedy,32,265,0.023904286733284513,0.02150278446935232,0.022093042524237817,0.018329078917847103,True
greedy,33,264,0.02737574107809939,0.025219058185762113,0.026126300763978667,0.02159146429893243,True
greedy,34,263,0.03210279390156492,0.028020972827951404,0.03338210679492312,0.024351681774964412,True
greedy,35,262,0.035456400219282216,0.028012855262172565,0.034367512608579634,0.024200519035781968,True
greedy,36,261,0.03371106140953241,0.029623499319680224,0.03272284637497037,0.025605334030632827,True
greedy,37,260,0.03426323823767848,0.033015638424098374,0.034455852134599785,0.028557042383688655,True
greedy,38,259,0.0393076647671611,0.03630289678391394,0.040029492482213186,0.031698709946371424,True
greedy,39,258,0.03988586695283215,0.03612422633172227,0.03609005300696861,0.03046420805316506,True
greedy,40,257,0.04417144009057208,0.038890471276429826,0.04070951076982562,0.03281582980195551,True
greedy,41,256,0.04489168706375037,0.03098202773875724,0.038104338319861326,0.024078844354698,True
greedy,42,255,0.03147792210774433,0.02781486168057044,0.029302434358393456,0.025069712937107653,True
greedy,43,254,0.033287948528128754,0.030563954797033718,0.03175267775757595,0.02832134404272028,True
greedy,44,253,0.03616668986036506,0.033476613889158645,0.03428057598943789,0.03120322821347986,True
greedy,45,252,0.039293784327492226,0.03656275117496143,0.037416176226858555,0.03388656071665631,True
greedy,46,251,0.04175258848637269,0.03947909639368192,0.039997552713726806,0.03631231075729783,True
greedy,47,250,0.04492933059610191,0.04268780753680427,0.044641960175760734,0.03910342122933184,True
greedy,48,249,0.04935574166838198,0.046697005696787225,0.05002067986426132,0.042793919361856864,True
static_severity,0,297,0.0,0.0,0.0,0.0,True
static_severity,1,296,0.0,0.0,0.0,0.0,True
static_severity,2,295,0.0,0.0,0.0,0.0,True
static_severity,3,294,0.0,0.0,0.0,0.0,True
static_severity,4,293,0.0,0.0,0.0,0.0,True
static_severity,5,292,0.0,0.0,0.0,0.0,True
static_severity,6,291,0.0,0.0,0.0,0.0,True
static_severity,7,290,0.0,0.0,0.0,0.0,True
static_severity,8,289,0.0,0.0,0.0,0.0,True
static_severity,9,288,0.0,0.0,0.0,0.0,True
static_severity,10,287,0.0,0.0,0.0,0.0,True
static_severity,11,286,0.0,0.0,0.0,0.0,True
static_severity,12,285,0.0,0.0,0.0,0.0,True
static_severity,13,284,0.0,0.0,0.0,0.0,True
static_severity,14,283,0.0,0.0,0.0,0.0,True
static_severity,15,282,0.0,0.0,0.0,0.0,True
static_severity,16,281,0.0,0.0,0.0,0.0,True
static_severity,17,280,0.0,0.0,0.0,0.0,True
static_severity,18,279,0.0,0.0,0.0,0.0,True
static_severity,19,278,0.0,0.0,0.0,0.0,True
static_severity,20,277,0.0006607066605459842,0.0003960611943526239,0.0005401439744212426,0.00036298096085310465,True
static_severity,21,276,0.0023077791371208076,0.001935992106153023,0.0019729687784054415,0.0016148929852217815,True
static_severity,22,275,0.004073110479150723,0.0028070125333734563,0.003595495612390809,0.00245912144717202,True
static_severity,23,274,0.005388421023596406,0.004522259094898346,0.005036094692426918,0.0038621806794523947,True
static_severity,24,273,0.007594297215538172,0.006357246215380456,0.006570850668449214,0.005400114227635419,True
static_severity,25,272,0.010298592872578841,0.007942294338338969,0.00817385660975559,0.006670621329894329,True
static_severity,26,271,0.012949692015198447,0.010367812507597635,0.010700170383734482,0.008651369865812275,True
static_severity,27,270,0.015989170105936274,0.012467911888487629,0.012895566062957314,0.0102467565235477,True
static_severity,28,269,0.019868990766506313,0.015337820010100376,0.016929509218633173,0.012649711642559083,True
static_severity,29,268,0.02297224680996592,0.018473864997732084,0.019870152102249607,0.015294855239416415,True
static_severity,30,267,0.026281853334723968,0.02228378733395807,0.02309523211877804,0.018617196065770256,True
static_severity,31,266,0.02792080412403625,0.024557606538192233,0.0261508498629827,0.020850843373728636,True
static_severity,32,265,0.034514871046001906,0.03076046873582869,0.03233284542001727,0.026253873663456297,True
static_severity,33,264,0.040800256329242376,0.036103635007289414,0.038319229497903166,0.031032348128232703,True
static_severity,34,263,0.04774855256030426,0.0403162821367325,0.0437872807566706,0.034934383437589187,True
static_severity,35,262,0.04791160767717672,0.043147109021841636,0.04539292921741069,0.038058720590807456,True
static_severity,36,261,0.0470355793675138,0.0405966695070556,0.04363378971278377,0.03537296273499405,True
static_severity,37,260,0.04993792850431545,0.04493886922336159,0.04766455668082546,0.03891978142233893,True
static_severity,38,259,0.04472714815519881,0.03934155643692504,0.03898385886653833,0.03413505189294565,True
static_severity,39,258,0.04864574902383164,0.043088329795992225,0.04321894039054414,0.03700844403997862,True
static_severity,40,257,0.04999719170567654,0.0452617979661157,0.0506976065421265,0.039242488262309104,True
static_severity,41,256,0.04153798824055379,0.03265888768850823,0.03716934107537729,0.026199913621199226,True
static_severity,42,255,0.0392218668230487,0.034247780109688784,0.03838593866217453,0.028250388147673732,True
static_severity,43,254,0.0394805294603261,0.03516012605202213,0.038362857762812626,0.029924404033906237,True
static_severity,44,253,0.03972502743847691,0.035753897435389086,0.03816879535923281,0.03162585406542526,True
static_severity,45,252,0.04413067353942061,0.03920844192834557,0.040095907228116484,0.03544156975569004,True
static_severity,46,251,0.04548802804576529,0.03594647335803026,0.04074574423005494,0.03172581646757105,True
static_severity,47,250,0.04776709427545869,0.04058744506431873,0.043333996242257124,0.03610001283239322,True
static_severity,48,249,0.049715578451343966,0.043324500810460194,0.04454716296301499,0.03857226053977837,True
out_strength,0,297,0.0,0.0,0.0,0.0,True
out_strength,1,296,0.0,0.0,0.0,0.0,True
out_strength,2,295,0.0,0.0,0.0,0.0,True
out_strength,3,294,0.0006607066605459842,0.0003960611943526239,0.0005401439744212426,0.00036298096085310465,True
out_strength,4,293,0.0006607066605459842,0.0003960611943526239,0.0005401439744212426,0.00036298096085310465,True
out_strength,5,292,0.0006607066605459842,0.0003960611943526239,0.0005401439744212426,0.00036298096085310465,True
out_strength,6,291,0.006476079981449616,0.003045311672358754,0.0051087090679411366,0.0029604608720689464,True
out_strength,7,290,0.007785127292316423,0.004852389336470199,0.006608017149516704,0.004469387671336427,True
out_strength,8,289,0.008732672665653569,0.00645253917824123,0.007753236438400147,0.005755579121677209,True
out_strength,9,288,0.01074434950010155,0.008592020579912494,0.009736447508911398,0.007369214151347118,True
out_strength,10,287,0.01221853205697614,0.010274759527541007,0.01114080489279344,0.00874535625544872,True
out_strength,11,286,0.014236928641341271,0.011792082333394549,0.012467682962178475,0.009982173192157108,True
out_strength,12,285,0.01813240723287011,0.014674223221333195,0.015521454558981133,0.012394439705827279,True
out_strength,13,284,0.020714761264406214,0.01705498245386412,0.018004149750150335,0.014344138986450629,True
out_strength,14,283,0.020958763452594713,0.01762167189999683,0.018310734348847776,0.014891308434424514,True
out_strength,15,282,0.028953887515328076,0.0224099178953909,0.02431121153408561,0.018567446213181744,True
out_strength,16,281,0.028953887515328076,0.0224099178953909,0.02431121153408561,0.018567446213181744,True
out_strength,17,280,0.03198631466013156,0.025502180793252328,0.02720231206775407,0.021183997994065288,True
out_strength,18,279,0.035222327231079,0.029263145495769315,0.030380159259785607,0.024473915620709195,True
out_strength,19,278,0.03476489767022334,0.029330294955781117,0.02999867336569268,0.02496175781420996,True
out_strength,20,277,0.04586420662253938,0.03722178221753151,0.03964457313431202,0.03136367431558983,True
out_strength,21,276,0.04586420662253938,0.03722178221753151,0.03964457313431202,0.03136367431558983,True
out_strength,22,275,0.04600293961019215,0.037761610626116646,0.040322469492614615,0.031626947739371636,True
out_strength,23,274,0.047454621752799776,0.04053129132520151,0.04882413549942101,0.0343588263967125,True
out_strength,24,273,0.047454621752799776,0.04053129132520151,0.04882413549942101,0.0343588263967125,True
out_strength,25,272,0.047454621752799776,0.04053129132520151,0.04882413549942101,0.0343588263967125,True
out_strength,26,271,0.047454621752799776,0.04053129132520151,0.04882413549942101,0.0343588263967125,True
out_strength,27,270,0.047454621752799776,0.04053129132520151,0.04882413549942101,0.0343588263967125,True
out_strength,28,269,0.047454621752799776,0.04053129132520151,0.04882413549942101,0.0343588263967125,True
out_strength,29,268,0.047454621752799776,0.04053129132520151,0.04882413549942101,0.0343588263967125,True
out_strength,30,267,0.047454621752799776,0.04053129132520151,0.04882413549942101,0.0343588263967125,True
out_strength,31,266,0.047454621752799776,0.04053129132520151,0.04882413549942101,0.0343588263967125,True
out_strength,32,265,0.047454621752799776,0.04053129132520151,0.04882413549942101,0.0343588263967125,True
out_strength,33,264,0.047454621752799776,0.04053129132520151,0.04882413549942101,0.0343588263967125,True
out_strength,34,263,0.047454621752799776,0.04053129132520151,0.04882413549942101,0.0343588263967125,True
out_strength,35,262,0.047454621752799776,0.04053129132520151,0.04882413549942101,0.0343588263967125,True
out_strength,36,261,0.047454621752799776,0.04053129132520151,0.04882413549942101,0.0343588263967125,True
out_strength,37,260,0.04152440332463055,0.037523184403533756,0.03955999658734356,0.03184826034259931,True
out_strength,38,259,0.048567818848728475,0.04113861067861419,0.042740101180954546,0.0346071740717391,True
out_strength,39,258,0.04934862947780136,0.04180509560494349,0.043038312038854123,0.0345590683267624,True
out_strength,40,257,0.049565446429700656,0.042333650626891595,0.042240330597798366,0.03597283044470487,True
out_strength,41,256,0.049946444806815635,0.039371335934011396,0.04140491008866699,0.03229011586912997,True
out_strength,42,255,0.0444940919196702,0.03659208005204973,0.039174139419104415,0.03091481311762656,True
out_strength,43,254,0.0428613661573893,0.0357990834991646,0.03834127601257569,0.030357341024079925,True
out_strength,44,253,0.042233602892230354,0.03486759444912186,0.03731151328369258,0.030138174010741803,True
out_strength,45,252,0.04643512429963874,0.038085314288186206,0.04005372834328324,0.03352346494657211,True
out_strength,46,251,0.049390995990958274,0.040549799626079526,0.04107739304250295,0.03576526023581636,True
random_42,0,297,0.0,0.0,0.0,0.0,True
random_42,1,296,0.03672299578585046,0.023014082687522582,0.03285320647591691,0.01838292416654591,True
random_42,2,295,0.03941168856795678,0.025863937708765394,0.04154521359240574,0.02117926191362532,True
random_42,3,294,0.03941168856795678,0.025863937708765394,0.04154521359240574,0.02117926191362532,True
random_42,4,293,0.03941168856795678,0.025863937708765394,0.04154521359240574,0.02117926191362532,True
random_42,5,292,0.04703772151569346,0.03171948165918106,0.049115375577890336,0.02583919534433284,True
random_42,6,291,0.04158185927004868,0.0325620409798831,0.04169761188239243,0.027581104742675,True
random_42,7,290,0.04158185927004868,0.0325620409798831,0.04169761188239243,0.027581104742675,True
random_42,8,289,0.04158185927004868,0.0325620409798831,0.04169761188239243,0.027581104742675,True
random_42,9,288,0.04848768546573558,0.03587660580146781,0.047811512628966275,0.03030848145548493,True
random_42,10,287,0.04848768546573558,0.03587660580146781,0.047811512628966275,0.03030848145548493,True
random_42,11,286,0.04848768546573558,0.03587660580146781,0.047811512628966275,0.03030848145548493,True
random_42,12,285,0.04848768546573558,0.03587660580146781,0.047811512628966275,0.03030848145548493,True
random_42,13,284,0.04848768546573558,0.03587660580146781,0.047811512628966275,0.03030848145548493,True
random_42,14,283,0.04848768546573558,0.03587660580146781,0.047811512628966275,0.03030848145548493,True
random_42,15,282,0.04848768546573558,0.03587660580146781,0.047811512628966275,0.03030848145548493,True
random_42,16,281,0.04756582483322955,0.03648783545153158,0.04569187556533018,0.030636068206497263,True
random_42,17,280,0.04928285294517245,0.03713530668946199,0.04700840785998019,0.031188339991456676,True
random_42,18,279,0.04928285294517245,0.03713530668946199,0.04700840785998019,0.031188339991456676,True
random_42,19,278,0.049583358044643505,0.03739883800751306,0.04737450722823638,0.03142271456384852,True
random_42,20,277,0.049583358044643505,0.03739883800751306,0.04737450722823638,0.03142271456384852,True
random_42,21,276,0.04980831119290897,0.038763331188756224,0.048023575092340204,0.03376408717527066,True
random_42,22,275,0.04980831119290897,0.038763331188756224,0.048023575092340204,0.03376408717527066,True
random_42,23,274,0.04980831119290897,0.038763331188756224,0.048023575092340204,0.03376408717527066,True
random_42,24,273,0.04980831119290897,0.038763331188756224,0.048023575092340204,0.03376408717527066,True
random_42,25,272,0.04980831119290897,0.038763331188756224,0.048023575092340204,0.03376408717527066,True
random_42,26,271,0.04980831119290897,0.038763331188756224,0.048023575092340204,0.03376408717527066,True
random_42,27,270,0.04980831119290897,0.038763331188756224,0.048023575092340204,0.03376408717527066,True
random_42,28,269,0.04980831119290897,0.038763331188756224,0.048023575092340204,0.03376408717527066,True
random_42,29,268,0.04980831119290897,0.038763331188756224,0.048023575092340204,0.03376408717527066,True
random_43,0,297,0.0,0.0,0.0,0.0,True
random_43,1,296,0.0,0.0,0.0,0.0,True
random_43,2,295,0.020634245163269224,0.004005207610832457,0.011561201219316402,0.0047352354832854585,True
random_43,3,294,0.028202755927227628,0.012564607508241404,0.018831205751840944,0.011628242544280146,True
random_43,4,293,0.03553582168204774,0.02230225984148224,0.025869466174692213,0.019644647296339912,True
random_43,5,292,0.04033052585082241,0.028050940803719695,0.030340266059039507,0.024149155245754724,True
random_43,6,291,0.041784181637653905,0.029803339742619877,0.03196595328000668,0.025605431869297705,True
random_43,7,290,0.04879133500369812,0.037699603942512684,0.04311611238150506,0.03192833317684988,True
random_43,8,289,0.04685637818107366,0.022128543295010947,0.02096507224488494,0.01432026160919705,True
random_43,9,288,0.02869864451298013,0.020649372920948202,0.02584637840503876,0.016664735019364833,True
random_43,10,287,0.046413491783695075,0.03218630129406719,0.04471873711150944,0.02691953799929799,True
random_43,11,286,0.04850558561592154,0.03662408398842113,0.05001794256418702,0.03129876296592098,True
random_43,12,285,0.04850558561592154,0.03662408398842113,0.05001794256418702,0.03129876296592098,True
random_43,13,284,0.04850558561592154,0.03662408398842113,0.05001794256418702,0.03129876296592098,True
random_43,14,283,0.04878601820267818,0.03695007598591648,0.05030205646732111,0.03161707409553043,True
random_43,15,282,0.04970780826730011,0.038369553117392895,0.049686552243109076,0.034087682826786314,True
random_43,16,281,0.04970780826730011,0.038369553117392895,0.049686552243109076,0.034087682826786314,True
random_43,17,280,0.04970780826730011,0.038369553117392895,0.049686552243109076,0.034087682826786314,True
random_43,18,279,0.04970780826730011,0.038369553117392895,0.049686552243109076,0.034087682826786314,True
random_43,19,278,0.04970780826730011,0.038369553117392895,0.049686552243109076,0.034087682826786314,True
random_43,20,277,0.04933882831526793,0.038730004022740266,0.04914656502505622,0.03464702692470978,True
random_43,21,276,0.04933882831526793,0.038730004022740266,0.04914656502505622,0.03464702692470978,True
random_43,22,275,0.04933882831526793,0.038730004022740266,0.04914656502505622,0.03464702692470978,True
random_43,23,274,0.04933882831526793,0.038730004022740266,0.04914656502505622,0.03464702692470978,True
random_43,24,273,0.049951532176633374,0.03935660178225759,0.04952039431387869,0.03529490068925544,True
random_43,25,272,0.049951532176633374,0.03935660178225759,0.04952039431387869,0.03529490068925544,True
random_43,26,271,0.049951532176633374,0.03935660178225759,0.04952039431387869,0.03529490068925544,True
random_43,27,270,0.0494111395248428,0.04243099233479553,0.04789349991444417,0.03712245145096624,True
random_43,28,269,0.04969539355009641,0.04250612990815794,0.04826494310913008,0.037312932177687254,True
random_43,29,268,0.045177990065939116,0.03967148270697523,0.04354251217688512,0.03353887835411324,True
random_43,30,267,0.04961778290203741,0.04311446020038526,0.047028647908391515,0.0368363014273897,True
random_43,31,266,0.04961778290203741,0.04311446020038526,0.047028647908391515,0.0368363014273897,True
random_43,32,265,0.04961778290203741,0.04311446020038526,0.047028647908391515,0.0368363014273897,True
random_43,33,264,0.04961778290203741,0.04311446020038526,0.047028647908391515,0.0368363014273897,True
random_43,34,263,0.04961778290203741,0.04311446020038526,0.047028647908391515,0.0368363014273897,True
random_43,35,262,0.04961778290203741,0.04311446020038526,0.047028647908391515,0.0368363014273897,True
random_43,36,261,0.04961778290203741,0.04311446020038526,0.047028647908391515,0.0368363014273897,True
random_43,37,260,0.04961778290203741,0.04311446020038526,0.047028647908391515,0.0368363014273897,True
random_44,0,297,0.0,0.0,0.0,0.0,True
random_44,1,296,0.0,0.0,0.0,0.0,True
random_44,2,295,0.0,0.0,0.0,0.0,True
random_44,3,294,0.02421672065184343,0.02217157535620294,0.023916935824606203,0.019009670175962133,True
random_44,4,293,0.02421672065184343,0.02217157535620294,0.023916935824606203,0.019009670175962133,True
random_44,5,292,0.02421672065184343,0.02217157535620294,0.023916935824606203,0.019009670175962133,True
random_44,6,291,0.0432972362308242,0.033996505949098366,0.03958400341358037,0.027776415238263016,True
random_44,7,290,0.044634864396936744,0.037795628904447376,0.04313762595261401,0.03203914689461074,True
random_44,8,289,0.044634864396936744,0.037795628904447376,0.04313762595261401,0.03203914689461074,True
random_44,9,288,0.044634864396936744,0.037795628904447376,0.04313762595261401,0.03203914689461074,True
random_44,10,287,0.04705306638947295,0.039205518528670665,0.04496257733756161,0.033181301934393594,True
random_44,11,286,0.04989633516415453,0.04367667597414105,0.04865742279805291,0.0373116614656572,True
random_44,12,285,0.04989633516415453,0.04367667597414105,0.04865742279805291,0.0373116614656572,True
random_44,13,284,0.048514982702668304,0.04097635127926253,0.045544216726021894,0.03428126640858819,True
random_44,14,283,0.04954338793793103,0.043081368434486435,0.04704598008737244,0.036318284980517805,True
random_44,15,282,0.04954338793793103,0.043081368434486435,0.04704598008737244,0.036318284980517805,True
random_44,16,281,0.04954338793793103,0.043081368434486435,0.04704598008737244,0.036318284980517805,True
random_44,17,280,0.04954338793793103,0.043081368434486435,0.04704598008737244,0.036318284980517805,True
random_44,18,279,0.04954338793793103,0.043081368434486435,0.04704598008737244,0.036318284980517805,True
random_44,19,278,0.04954338793793103,0.043081368434486435,0.04704598008737244,0.036318284980517805,True
random_44,20,277,0.04954338793793103,0.043081368434486435,0.04704598008737244,0.036318284980517805,True
random_44,21,276,0.04954338793793103,0.043081368434486435,0.04704598008737244,0.036318284980517805,True
random_44,22,275,0.043509104233468786,0.04007567880925633,0.04263233084617535,0.03379059620536529,True
random_44,23,274,0.04814361614242831,0.04355518947385198,0.04485641217200135,0.03706905048566603,True
random_44,24,273,0.04949998134548794,0.04458835518294669,0.04606663331470444,0.037972726281451506,True
random_44,25,272,0.04949998134548794,0.04458835518294669,0.04606663331470444,0.037972726281451506,True
random_44,26,271,0.04949998134548794,0.04458835518294669,0.04606663331470444,0.037972726281451506,True
random_44,27,270,0.04949998134548794,0.04458835518294669,0.04606663331470444,0.037972726281451506,True
random_44,28,269,0.048563117150850425,0.03680062042748794,0.0441830064856279,0.030119917447374134,True
random_44,29,268,0.04832495102092981,0.0355594357496676,0.036764911554334076,0.027929537198314352,True
random_44,30,267,0.04379007631510816,0.037762438197072735,0.04115268957356732,0.03237428974066219,True
random_44,31,266,0.04909760733594848,0.04262677360708831,0.04840489262053231,0.037975888252597595,True
random_44,32,265,0.04999395247557937,0.043120411923930534,0.04959589597959616,0.03887502027247513,True
random_44,33,264,0.04618196669860529,0.03947132840137726,0.04395733452643345,0.03454976130390649,True
random_44,34,263,0.04904568563077152,0.04076529602930005,0.04711993442099771,0.03692348266859911,True
random_44,35,262,0.04991297112828113,0.04154469985519165,0.048483925995228154,0.03813125659341166,True
random_44,36,261,0.04991297112828113,0.04154469985519165,0.048483925995228154,0.03813125659341166,True
random_44,37,260,0.04991297112828113,0.04154469985519165,0.048483925995228154,0.03813125659341166,True
random_44,38,259,0.04991297112828113,0.04154469985519165,0.048483925995228154,0.03813125659341166,True
random_44,39,258,0.04993881560878493,0.04182202202279454,0.048898620072680324,0.038442051910820514,True
